{"_id":{"$oid":"5df2dee65f5bf8af92eaf49a"},"orderNumber":10100,"orderDate":"2003-01-06","requiredDate":"2003-01-13","shippedDate":"2003-01-10","status":"Shipped","comments":null,"customerNumber":363}
{"_id":{"$oid":"5df2dee65f5bf8af92eaf49b"},"orderNumber":10101,"orderDate":"2003-01-09","requiredDate":"2003-01-18","shippedDate":"2003-01-11","status":"Shipped","comments":"Check on availability.","customerNumber":128}
{"_id":{"$oid":"5df2dee65f5bf8af92eaf49c"},"orderNumber":10102,"orderDate":"2003-01-10","requiredDate":"2003-01-18","shippedDate":"2003-01-14","status":"Shipped","comments":null,"customerNumber":181}
{"_id":{"$oid":"5df2dee65f5bf8af92eaf49d"},"orderNumber":10103,"orderDate":"2003-01-29","requiredDate":"2003-02-07","shippedDate":"2003-02-02","status":"Shipped","comments":null,"customerNumber":121}
{"_id":{"$oid":"5df2dee65f5bf8af92eaf49e"},"orderNumber":10104,"orderDate":"2003-01-31","requiredDate":"2003-02-09","shippedDate":"2003-02-01","status":"Shipped","comments":null,"customerNumber":141}
{"_id":{"$oid":"5df2dee65f5bf8af92eaf49f"},"orderNumber":10105,"orderDate":"2003-02-11","requiredDate":"2003-02-21","shippedDate":"2003-02-12","status":"Shipped","comments":null,"customerNumber":145}
{"_id":{"$oid":"5df2dee65f5bf8af92eaf4a0"},"orderNumber":10106,"orderDate":"2003-02-17","requiredDate":"2003-02-24","shippedDate":"2003-02-21","status":"Shipped","comments":null,"customerNumber":278}
{"_id":{"$oid":"5df2dee65f5bf8af92eaf4a1"},"orderNumber":10107,"orderDate":"2003-02-24","requiredDate":"2003-03-03","shippedDate":"2003-02-26","status":"Shipped","comments":"Difficult to negotiate with customer. We need more marketing materials","customerNumber":131}
{"_id":{"$oid":"5df2dee65f5bf8af92eaf4a2"},"orderNumber":10108,"orderDate":"2003-03-03","requiredDate":"2003-03-12","shippedDate":"2003-03-08","status":"Shipped","comments":null,"customerNumber":385}
{"_id":{"$oid":"5df2dee65f5bf8af92eaf4a3"},"orderNumber":10109,"orderDate":"2003-03-10","requiredDate":"2003-03-19","shippedDate":"2003-03-11","status":"Shipped","comments":"Customer requested that FedEx Ground is used for this shipping","customerNumber":486}
{"_id":{"$oid":"5df2dee65f5bf8af92eaf4a4"},"orderNumber":10110,"orderDate":"2003-03-18","requiredDate":"2003-03-24","shippedDate":"2003-03-20","status":"Shipped","comments":null,"customerNumber":187}
{"_id":{"$oid":"5df2dee65f5bf8af92eaf4a5"},"orderNumber":10111,"orderDate":"2003-03-25","requiredDate":"2003-03-31","shippedDate":"2003-03-30","status":"Shipped","comments":null,"customerNumber":129}
{"_id":{"$oid":"5df2dee65f5bf8af92eaf4a6"},"orderNumber":10112,"orderDate":"2003-03-24","requiredDate":"2003-04-03","shippedDate":"2003-03-29","status":"Shipped","comments":"Customer requested that ad materials (such as posters, pamphlets) be included in the shippment","customerNumber":144}
{"_id":{"$oid":"5df2dee65f5bf8af92eaf4a7"},"orderNumber":10113,"orderDate":"2003-03-26","requiredDate":"2003-04-02","shippedDate":"2003-03-27","status":"Shipped","comments":null,"customerNumber":124}
{"_id":{"$oid":"5df2dee65f5bf8af92eaf4a8"},"orderNumber":10114,"orderDate":"2003-04-01","requiredDate":"2003-04-07","shippedDate":"2003-04-02","status":"Shipped","comments":null,"customerNumber":172}
{"_id":{"$oid":"5df2dee65f5bf8af92eaf4a9"},"orderNumber":10115,"orderDate":"2003-04-04","requiredDate":"2003-04-12","shippedDate":"2003-04-07","status":"Shipped","comments":null,"customerNumber":424}
{"_id":{"$oid":"5df2dee65f5bf8af92eaf4aa"},"orderNumber":10116,"orderDate":"2003-04-11","requiredDate":"2003-04-19","shippedDate":"2003-04-13","status":"Shipped","comments":null,"customerNumber":381}
{"_id":{"$oid":"5df2dee65f5bf8af92eaf4ab"},"orderNumber":10117,"orderDate":"2003-04-16","requiredDate":"2003-04-24","shippedDate":"2003-04-17","status":"Shipped","comments":null,"customerNumber":148}
{"_id":{"$oid":"5df2dee65f5bf8af92eaf4ac"},"orderNumber":10118,"orderDate":"2003-04-21","requiredDate":"2003-04-29","shippedDate":"2003-04-26","status":"Shipped","comments":"Customer has worked with some of our vendors in the past and is aware of their MSRP","customerNumber":216}
{"_id":{"$oid":"5df2dee65f5bf8af92eaf4ad"},"orderNumber":10119,"orderDate":"2003-04-28","requiredDate":"2003-05-05","shippedDate":"2003-05-02","status":"Shipped","comments":null,"customerNumber":382}
{"_id":{"$oid":"5df2dee65f5bf8af92eaf4ae"},"orderNumber":10120,"orderDate":"2003-04-29","requiredDate":"2003-05-08","shippedDate":"2003-05-01","status":"Shipped","comments":null,"customerNumber":114}
{"_id":{"$oid":"5df2dee65f5bf8af92eaf4af"},"orderNumber":10121,"orderDate":"2003-05-07","requiredDate":"2003-05-13","shippedDate":"2003-05-13","status":"Shipped","comments":null,"customerNumber":353}
{"_id":{"$oid":"5df2dee65f5bf8af92eaf4b0"},"orderNumber":10123,"orderDate":"2003-05-20","requiredDate":"2003-05-29","shippedDate":"2003-05-22","status":"Shipped","comments":null,"customerNumber":103}
{"_id":{"$oid":"5df2dee65f5bf8af92eaf4b1"},"orderNumber":10124,"orderDate":"2003-05-21","requiredDate":"2003-05-29","shippedDate":"2003-05-25","status":"Shipped","comments":"Customer very concerned about the exact color of the models. There is high risk that he may dispute the order because there is a slight color mismatch","customerNumber":112}
{"_id":{"$oid":"5df2dee65f5bf8af92eaf4b2"},"orderNumber":10125,"orderDate":"2003-05-21","requiredDate":"2003-05-27","shippedDate":"2003-05-24","status":"Shipped","comments":null,"customerNumber":114}
{"_id":{"$oid":"5df2dee65f5bf8af92eaf4b3"},"orderNumber":10126,"orderDate":"2003-05-28","requiredDate":"2003-06-07","shippedDate":"2003-06-02","status":"Shipped","comments":null,"customerNumber":458}
{"_id":{"$oid":"5df2dee65f5bf8af92eaf4b4"},"orderNumber":10127,"orderDate":"2003-06-03","requiredDate":"2003-06-09","shippedDate":"2003-06-06","status":"Shipped","comments":"Customer requested special shippment. The instructions were passed along to the warehouse","customerNumber":151}
{"_id":{"$oid":"5df2dee65f5bf8af92eaf4b5"},"orderNumber":10128,"orderDate":"2003-06-06","requiredDate":"2003-06-12","shippedDate":"2003-06-11","status":"Shipped","comments":null,"customerNumber":141}
{"_id":{"$oid":"5df2dee65f5bf8af92eaf4b6"},"orderNumber":10129,"orderDate":"2003-06-12","requiredDate":"2003-06-18","shippedDate":"2003-06-14","status":"Shipped","comments":null,"customerNumber":324}
{"_id":{"$oid":"5df2dee65f5bf8af92eaf4b7"},"orderNumber":10130,"orderDate":"2003-06-16","requiredDate":"2003-06-24","shippedDate":"2003-06-21","status":"Shipped","comments":null,"customerNumber":198}
{"_id":{"$oid":"5df2dee65f5bf8af92eaf4b8"},"orderNumber":10131,"orderDate":"2003-06-16","requiredDate":"2003-06-25","shippedDate":"2003-06-21","status":"Shipped","comments":null,"customerNumber":447}
{"_id":{"$oid":"5df2dee65f5bf8af92eaf4b9"},"orderNumber":10132,"orderDate":"2003-06-25","requiredDate":"2003-07-01","shippedDate":"2003-06-28","status":"Shipped","comments":null,"customerNumber":323}
{"_id":{"$oid":"5df2dee65f5bf8af92eaf4ba"},"orderNumber":10133,"orderDate":"2003-06-27","requiredDate":"2003-07-04","shippedDate":"2003-07-03","status":"Shipped","comments":null,"customerNumber":141}
{"_id":{"$oid":"5df2dee65f5bf8af92eaf4bb"},"orderNumber":10134,"orderDate":"2003-07-01","requiredDate":"2003-07-10","shippedDate":"2003-07-05","status":"Shipped","comments":null,"customerNumber":250}
{"_id":{"$oid":"5df2dee65f5bf8af92eaf4bc"},"orderNumber":10135,"orderDate":"2003-07-02","requiredDate":"2003-07-12","shippedDate":"2003-07-03","status":"Shipped","comments":null,"customerNumber":124}
{"_id":{"$oid":"5df2dee65f5bf8af92eaf4bd"},"orderNumber":10136,"orderDate":"2003-07-04","requiredDate":"2003-07-14","shippedDate":"2003-07-06","status":"Shipped","comments":"Customer is interested in buying more Ferrari models","customerNumber":242}
{"_id":{"$oid":"5df2dee65f5bf8af92eaf4be"},"orderNumber":10137,"orderDate":"2003-07-10","requiredDate":"2003-07-20","shippedDate":"2003-07-14","status":"Shipped","comments":null,"customerNumber":353}
{"_id":{"$oid":"5df2dee65f5bf8af92eaf4bf"},"orderNumber":10138,"orderDate":"2003-07-07","requiredDate":"2003-07-16","shippedDate":"2003-07-13","status":"Shipped","comments":null,"customerNumber":496}
{"_id":{"$oid":"5df2dee65f5bf8af92eaf4c0"},"orderNumber":10139,"orderDate":"2003-07-16","requiredDate":"2003-07-23","shippedDate":"2003-07-21","status":"Shipped","comments":null,"customerNumber":282}
{"_id":{"$oid":"5df2dee65f5bf8af92eaf4c1"},"orderNumber":10140,"orderDate":"2003-07-24","requiredDate":"2003-08-02","shippedDate":"2003-07-30","status":"Shipped","comments":null,"customerNumber":161}
{"_id":{"$oid":"5df2dee65f5bf8af92eaf4c2"},"orderNumber":10122,"orderDate":"2003-05-08","requiredDate":"2003-05-16","shippedDate":"2003-05-13","status":"Shipped","comments":null,"customerNumber":350}
{"_id":{"$oid":"5df2dee65f5bf8af92eaf4c3"},"orderNumber":10141,"orderDate":"2003-08-01","requiredDate":"2003-08-09","shippedDate":"2003-08-04","status":"Shipped","comments":null,"customerNumber":334}
{"_id":{"$oid":"5df2dee65f5bf8af92eaf4c4"},"orderNumber":10142,"orderDate":"2003-08-08","requiredDate":"2003-08-16","shippedDate":"2003-08-13","status":"Shipped","comments":null,"customerNumber":124}
{"_id":{"$oid":"5df2dee65f5bf8af92eaf4c5"},"orderNumber":10143,"orderDate":"2003-08-10","requiredDate":"2003-08-18","shippedDate":"2003-08-12","status":"Shipped","comments":"Can we deliver the new Ford Mustang models by end-of-quarter?","customerNumber":320}
{"_id":{"$oid":"5df2dee65f5bf8af92eaf4c6"},"orderNumber":10145,"orderDate":"2003-08-25","requiredDate":"2003-09-02","shippedDate":"2003-08-31","status":"Shipped","comments":null,"customerNumber":205}
{"_id":{"$oid":"5df2dee65f5bf8af92eaf4c7"},"orderNumber":10146,"orderDate":"2003-09-03","requiredDate":"2003-09-13","shippedDate":"2003-09-06","status":"Shipped","comments":null,"customerNumber":447}
{"_id":{"$oid":"5df2dee65f5bf8af92eaf4c8"},"orderNumber":10147,"orderDate":"2003-09-05","requiredDate":"2003-09-12","shippedDate":"2003-09-09","status":"Shipped","comments":null,"customerNumber":379}
{"_id":{"$oid":"5df2dee65f5bf8af92eaf4c9"},"orderNumber":10148,"orderDate":"2003-09-11","requiredDate":"2003-09-21","shippedDate":"2003-09-15","status":"Shipped","comments":"They want to reevaluate their terms agreement with Finance.","customerNumber":276}
{"_id":{"$oid":"5df2dee65f5bf8af92eaf4ca"},"orderNumber":10149,"orderDate":"2003-09-12","requiredDate":"2003-09-18","shippedDate":"2003-09-17","status":"Shipped","comments":null,"customerNumber":487}
{"_id":{"$oid":"5df2dee65f5bf8af92eaf4cb"},"orderNumber":10150,"orderDate":"2003-09-19","requiredDate":"2003-09-27","shippedDate":"2003-09-21","status":"Shipped","comments":"They want to reevaluate their terms agreement with Finance.","customerNumber":148}
{"_id":{"$oid":"5df2dee65f5bf8af92eaf4cc"},"orderNumber":10151,"orderDate":"2003-09-21","requiredDate":"2003-09-30","shippedDate":"2003-09-24","status":"Shipped","comments":null,"customerNumber":311}
{"_id":{"$oid":"5df2dee65f5bf8af92eaf4cd"},"orderNumber":10152,"orderDate":"2003-09-25","requiredDate":"2003-10-03","shippedDate":"2003-10-01","status":"Shipped","comments":null,"customerNumber":333}
{"_id":{"$oid":"5df2dee65f5bf8af92eaf4ce"},"orderNumber":10153,"orderDate":"2003-09-28","requiredDate":"2003-10-05","shippedDate":"2003-10-03","status":"Shipped","comments":null,"customerNumber":141}
{"_id":{"$oid":"5df2dee65f5bf8af92eaf4cf"},"orderNumber":10154,"orderDate":"2003-10-02","requiredDate":"2003-10-12","shippedDate":"2003-10-08","status":"Shipped","comments":null,"customerNumber":219}
{"_id":{"$oid":"5df2dee65f5bf8af92eaf4d0"},"orderNumber":10155,"orderDate":"2003-10-06","requiredDate":"2003-10-13","shippedDate":"2003-10-07","status":"Shipped","comments":null,"customerNumber":186}
{"_id":{"$oid":"5df2dee65f5bf8af92eaf4d1"},"orderNumber":10156,"orderDate":"2003-10-08","requiredDate":"2003-10-17","shippedDate":"2003-10-11","status":"Shipped","comments":null,"customerNumber":141}
{"_id":{"$oid":"5df2dee65f5bf8af92eaf4d2"},"orderNumber":10157,"orderDate":"2003-10-09","requiredDate":"2003-10-15","shippedDate":"2003-10-14","status":"Shipped","comments":null,"customerNumber":473}
{"_id":{"$oid":"5df2dee65f5bf8af92eaf4d3"},"orderNumber":10158,"orderDate":"2003-10-10","requiredDate":"2003-10-18","shippedDate":"2003-10-15","status":"Shipped","comments":null,"customerNumber":121}
{"_id":{"$oid":"5df2dee65f5bf8af92eaf4d4"},"orderNumber":10159,"orderDate":"2003-10-10","requiredDate":"2003-10-19","shippedDate":"2003-10-16","status":"Shipped","comments":null,"customerNumber":321}
{"_id":{"$oid":"5df2dee65f5bf8af92eaf4d5"},"orderNumber":10160,"orderDate":"2003-10-11","requiredDate":"2003-10-17","shippedDate":"2003-10-17","status":"Shipped","comments":null,"customerNumber":347}
{"_id":{"$oid":"5df2dee65f5bf8af92eaf4d6"},"orderNumber":10161,"orderDate":"2003-10-17","requiredDate":"2003-10-25","shippedDate":"2003-10-20","status":"Shipped","comments":null,"customerNumber":227}
{"_id":{"$oid":"5df2dee65f5bf8af92eaf4d7"},"orderNumber":10162,"orderDate":"2003-10-18","requiredDate":"2003-10-26","shippedDate":"2003-10-19","status":"Shipped","comments":null,"customerNumber":321}
{"_id":{"$oid":"5df2dee65f5bf8af92eaf4d8"},"orderNumber":10144,"orderDate":"2003-08-13","requiredDate":"2003-08-21","shippedDate":"2003-08-14","status":"Shipped","comments":null,"customerNumber":381}
{"_id":{"$oid":"5df2dee65f5bf8af92eaf4d9"},"orderNumber":10163,"orderDate":"2003-10-20","requiredDate":"2003-10-27","shippedDate":"2003-10-24","status":"Shipped","comments":null,"customerNumber":424}
{"_id":{"$oid":"5df2dee65f5bf8af92eaf4da"},"orderNumber":10164,"orderDate":"2003-10-21","requiredDate":"2003-10-30","shippedDate":"2003-10-23","status":"Resolved","comments":"This order was disputed, but resolved on 11/1/2003; Customer doesn\\'t like the colors and precision of the models.","customerNumber":452}
{"_id":{"$oid":"5df2dee65f5bf8af92eaf4db"},"orderNumber":10165,"orderDate":"2003-10-22","requiredDate":"2003-10-31","shippedDate":"2003-12-26","status":"Shipped","comments":"This order was on hold because customers\\'s credit limit had been exceeded. Order will ship when payment is received","customerNumber":148}
{"_id":{"$oid":"5df2dee65f5bf8af92eaf4dc"},"orderNumber":10167,"orderDate":"2003-10-23","requiredDate":"2003-10-30","shippedDate":null,"status":"Cancelled","comments":"Customer called to cancel. The warehouse was notified in time and the order didn\\'t ship. They have a new VP of Sales and are shifting their sales model. Our VP of Sales should contact them.","customerNumber":448}
{"_id":{"$oid":"5df2dee65f5bf8af92eaf4dd"},"orderNumber":10168,"orderDate":"2003-10-28","requiredDate":"2003-11-03","shippedDate":"2003-11-01","status":"Shipped","comments":null,"customerNumber":161}
{"_id":{"$oid":"5df2dee65f5bf8af92eaf4de"},"orderNumber":10169,"orderDate":"2003-11-04","requiredDate":"2003-11-14","shippedDate":"2003-11-09","status":"Shipped","comments":null,"customerNumber":276}
{"_id":{"$oid":"5df2dee65f5bf8af92eaf4df"},"orderNumber":10170,"orderDate":"2003-11-04","requiredDate":"2003-11-12","shippedDate":"2003-11-07","status":"Shipped","comments":null,"customerNumber":452}
{"_id":{"$oid":"5df2dee65f5bf8af92eaf4e0"},"orderNumber":10171,"orderDate":"2003-11-05","requiredDate":"2003-11-13","shippedDate":"2003-11-07","status":"Shipped","comments":null,"customerNumber":233}
{"_id":{"$oid":"5df2dee65f5bf8af92eaf4e1"},"orderNumber":10172,"orderDate":"2003-11-05","requiredDate":"2003-11-14","shippedDate":"2003-11-11","status":"Shipped","comments":null,"customerNumber":175}
{"_id":{"$oid":"5df2dee65f5bf8af92eaf4e2"},"orderNumber":10173,"orderDate":"2003-11-05","requiredDate":"2003-11-15","shippedDate":"2003-11-09","status":"Shipped","comments":"Cautious optimism. We have happy customers here, if we can keep them well stocked.  I need all the information I can get on the planned shippments of Porches","customerNumber":278}
{"_id":{"$oid":"5df2dee65f5bf8af92eaf4e3"},"orderNumber":10174,"orderDate":"2003-11-06","requiredDate":"2003-11-15","shippedDate":"2003-11-10","status":"Shipped","comments":null,"customerNumber":333}
{"_id":{"$oid":"5df2dee65f5bf8af92eaf4e4"},"orderNumber":10175,"orderDate":"2003-11-06","requiredDate":"2003-11-14","shippedDate":"2003-11-09","status":"Shipped","comments":null,"customerNumber":324}
{"_id":{"$oid":"5df2dee65f5bf8af92eaf4e5"},"orderNumber":10176,"orderDate":"2003-11-06","requiredDate":"2003-11-15","shippedDate":"2003-11-12","status":"Shipped","comments":null,"customerNumber":386}
{"_id":{"$oid":"5df2dee65f5bf8af92eaf4e6"},"orderNumber":10177,"orderDate":"2003-11-07","requiredDate":"2003-11-17","shippedDate":"2003-11-12","status":"Shipped","comments":null,"customerNumber":344}
{"_id":{"$oid":"5df2dee65f5bf8af92eaf4e7"},"orderNumber":10178,"orderDate":"2003-11-08","requiredDate":"2003-11-16","shippedDate":"2003-11-10","status":"Shipped","comments":"Custom shipping instructions sent to warehouse","customerNumber":242}
{"_id":{"$oid":"5df2dee65f5bf8af92eaf4e8"},"orderNumber":10179,"orderDate":"2003-11-11","requiredDate":"2003-11-17","shippedDate":"2003-11-13","status":"Cancelled","comments":"Customer cancelled due to urgent budgeting issues. Must be cautious when dealing with them in the future. Since order shipped already we must discuss who would cover the shipping charges.","customerNumber":496}
{"_id":{"$oid":"5df2dee65f5bf8af92eaf4e9"},"orderNumber":10180,"orderDate":"2003-11-11","requiredDate":"2003-11-19","shippedDate":"2003-11-14","status":"Shipped","comments":null,"customerNumber":171}
{"_id":{"$oid":"5df2dee65f5bf8af92eaf4ea"},"orderNumber":10181,"orderDate":"2003-11-12","requiredDate":"2003-11-19","shippedDate":"2003-11-15","status":"Shipped","comments":null,"customerNumber":167}
{"_id":{"$oid":"5df2dee65f5bf8af92eaf4eb"},"orderNumber":10182,"orderDate":"2003-11-12","requiredDate":"2003-11-21","shippedDate":"2003-11-18","status":"Shipped","comments":null,"customerNumber":124}
{"_id":{"$oid":"5df2dee65f5bf8af92eaf4ec"},"orderNumber":10183,"orderDate":"2003-11-13","requiredDate":"2003-11-22","shippedDate":"2003-11-15","status":"Shipped","comments":"We need to keep in close contact with their Marketing VP. He is the decision maker for all their purchases.","customerNumber":339}
{"_id":{"$oid":"5df2dee65f5bf8af92eaf4ed"},"orderNumber":10184,"orderDate":"2003-11-14","requiredDate":"2003-11-22","shippedDate":"2003-11-20","status":"Shipped","comments":null,"customerNumber":484}
{"_id":{"$oid":"5df2dee65f5bf8af92eaf4ee"},"orderNumber":10166,"orderDate":"2003-10-21","requiredDate":"2003-10-30","shippedDate":"2003-10-27","status":"Shipped","comments":null,"customerNumber":462}
{"_id":{"$oid":"5df2dee65f5bf8af92eaf4ef"},"orderNumber":10185,"orderDate":"2003-11-14","requiredDate":"2003-11-21","shippedDate":"2003-11-20","status":"Shipped","comments":null,"customerNumber":320}
{"_id":{"$oid":"5df2dee65f5bf8af92eaf4f0"},"orderNumber":10186,"orderDate":"2003-11-14","requiredDate":"2003-11-20","shippedDate":"2003-11-18","status":"Shipped","comments":"They want to reevaluate their terms agreement with the VP of Sales","customerNumber":489}
{"_id":{"$oid":"5df2dee65f5bf8af92eaf4f1"},"orderNumber":10187,"orderDate":"2003-11-15","requiredDate":"2003-11-24","shippedDate":"2003-11-16","status":"Shipped","comments":null,"customerNumber":211}
{"_id":{"$oid":"5df2dee65f5bf8af92eaf4f2"},"orderNumber":10189,"orderDate":"2003-11-18","requiredDate":"2003-11-25","shippedDate":"2003-11-24","status":"Shipped","comments":"They want to reevaluate their terms agreement with Finance.","customerNumber":205}
{"_id":{"$oid":"5df2dee65f5bf8af92eaf4f3"},"orderNumber":10190,"orderDate":"2003-11-19","requiredDate":"2003-11-29","shippedDate":"2003-11-20","status":"Shipped","comments":null,"customerNumber":141}
{"_id":{"$oid":"5df2dee65f5bf8af92eaf4f4"},"orderNumber":10191,"orderDate":"2003-11-20","requiredDate":"2003-11-30","shippedDate":"2003-11-24","status":"Shipped","comments":"We must be cautions with this customer. Their VP of Sales resigned. Company may be heading down.","customerNumber":259}
{"_id":{"$oid":"5df2dee65f5bf8af92eaf4f5"},"orderNumber":10192,"orderDate":"2003-11-20","requiredDate":"2003-11-29","shippedDate":"2003-11-25","status":"Shipped","comments":null,"customerNumber":363}
{"_id":{"$oid":"5df2dee65f5bf8af92eaf4f6"},"orderNumber":10193,"orderDate":"2003-11-21","requiredDate":"2003-11-28","shippedDate":"2003-11-27","status":"Shipped","comments":null,"customerNumber":471}
{"_id":{"$oid":"5df2dee65f5bf8af92eaf4f7"},"orderNumber":10194,"orderDate":"2003-11-25","requiredDate":"2003-12-02","shippedDate":"2003-11-26","status":"Shipped","comments":null,"customerNumber":146}
{"_id":{"$oid":"5df2dee65f5bf8af92eaf4f8"},"orderNumber":10195,"orderDate":"2003-11-25","requiredDate":"2003-12-01","shippedDate":"2003-11-28","status":"Shipped","comments":null,"customerNumber":319}
{"_id":{"$oid":"5df2dee65f5bf8af92eaf4f9"},"orderNumber":10196,"orderDate":"2003-11-26","requiredDate":"2003-12-03","shippedDate":"2003-12-01","status":"Shipped","comments":null,"customerNumber":455}
{"_id":{"$oid":"5df2dee65f5bf8af92eaf4fa"},"orderNumber":10197,"orderDate":"2003-11-26","requiredDate":"2003-12-02","shippedDate":"2003-12-01","status":"Shipped","comments":"Customer inquired about remote controlled models and gold models.","customerNumber":216}
{"_id":{"$oid":"5df2dee65f5bf8af92eaf4fb"},"orderNumber":10198,"orderDate":"2003-11-27","requiredDate":"2003-12-06","shippedDate":"2003-12-03","status":"Shipped","comments":null,"customerNumber":385}
{"_id":{"$oid":"5df2dee65f5bf8af92eaf4fc"},"orderNumber":10199,"orderDate":"2003-12-01","requiredDate":"2003-12-10","shippedDate":"2003-12-06","status":"Shipped","comments":null,"customerNumber":475}
{"_id":{"$oid":"5df2dee65f5bf8af92eaf4fd"},"orderNumber":10200,"orderDate":"2003-12-01","requiredDate":"2003-12-09","shippedDate":"2003-12-06","status":"Shipped","comments":null,"customerNumber":211}
{"_id":{"$oid":"5df2dee65f5bf8af92eaf4fe"},"orderNumber":10201,"orderDate":"2003-12-01","requiredDate":"2003-12-11","shippedDate":"2003-12-02","status":"Shipped","comments":null,"customerNumber":129}
{"_id":{"$oid":"5df2dee65f5bf8af92eaf4ff"},"orderNumber":10202,"orderDate":"2003-12-02","requiredDate":"2003-12-09","shippedDate":"2003-12-06","status":"Shipped","comments":null,"customerNumber":357}
{"_id":{"$oid":"5df2dee65f5bf8af92eaf500"},"orderNumber":10203,"orderDate":"2003-12-02","requiredDate":"2003-12-11","shippedDate":"2003-12-07","status":"Shipped","comments":null,"customerNumber":141}
{"_id":{"$oid":"5df2dee65f5bf8af92eaf501"},"orderNumber":10204,"orderDate":"2003-12-02","requiredDate":"2003-12-10","shippedDate":"2003-12-04","status":"Shipped","comments":null,"customerNumber":151}
{"_id":{"$oid":"5df2dee65f5bf8af92eaf502"},"orderNumber":10205,"orderDate":"2003-12-03","requiredDate":"2003-12-09","shippedDate":"2003-12-07","status":"Shipped","comments":"I need all the information I can get on our competitors.","customerNumber":141}
{"_id":{"$oid":"5df2dee65f5bf8af92eaf503"},"orderNumber":10206,"orderDate":"2003-12-05","requiredDate":"2003-12-13","shippedDate":"2003-12-08","status":"Shipped","comments":"Can we renegotiate this one?","customerNumber":202}
{"_id":{"$oid":"5df2dee65f5bf8af92eaf504"},"orderNumber":10188,"orderDate":"2003-11-18","requiredDate":"2003-11-26","shippedDate":"2003-11-24","status":"Shipped","comments":null,"customerNumber":167}
{"_id":{"$oid":"5df2dee65f5bf8af92eaf505"},"orderNumber":10207,"orderDate":"2003-12-09","requiredDate":"2003-12-17","shippedDate":"2003-12-11","status":"Shipped","comments":"Check on availability.","customerNumber":495}
{"_id":{"$oid":"5df2dee65f5bf8af92eaf506"},"orderNumber":10208,"orderDate":"2004-01-02","requiredDate":"2004-01-11","shippedDate":"2004-01-04","status":"Shipped","comments":null,"customerNumber":146}
{"_id":{"$oid":"5df2dee65f5bf8af92eaf507"},"orderNumber":10209,"orderDate":"2004-01-09","requiredDate":"2004-01-15","shippedDate":"2004-01-12","status":"Shipped","comments":null,"customerNumber":347}
{"_id":{"$oid":"5df2dee65f5bf8af92eaf508"},"orderNumber":10211,"orderDate":"2004-01-15","requiredDate":"2004-01-25","shippedDate":"2004-01-18","status":"Shipped","comments":null,"customerNumber":406}
{"_id":{"$oid":"5df2dee65f5bf8af92eaf509"},"orderNumber":10212,"orderDate":"2004-01-16","requiredDate":"2004-01-24","shippedDate":"2004-01-18","status":"Shipped","comments":null,"customerNumber":141}
{"_id":{"$oid":"5df2dee65f5bf8af92eaf50a"},"orderNumber":10213,"orderDate":"2004-01-22","requiredDate":"2004-01-28","shippedDate":"2004-01-27","status":"Shipped","comments":"Difficult to negotiate with customer. We need more marketing materials","customerNumber":489}
{"_id":{"$oid":"5df2dee65f5bf8af92eaf50b"},"orderNumber":10214,"orderDate":"2004-01-26","requiredDate":"2004-02-04","shippedDate":"2004-01-29","status":"Shipped","comments":null,"customerNumber":458}
{"_id":{"$oid":"5df2dee65f5bf8af92eaf50c"},"orderNumber":10215,"orderDate":"2004-01-29","requiredDate":"2004-02-08","shippedDate":"2004-02-01","status":"Shipped","comments":"Customer requested that FedEx Ground is used for this shipping","customerNumber":475}
{"_id":{"$oid":"5df2dee65f5bf8af92eaf50d"},"orderNumber":10216,"orderDate":"2004-02-02","requiredDate":"2004-02-10","shippedDate":"2004-02-04","status":"Shipped","comments":null,"customerNumber":256}
{"_id":{"$oid":"5df2dee65f5bf8af92eaf50e"},"orderNumber":10217,"orderDate":"2004-02-04","requiredDate":"2004-02-14","shippedDate":"2004-02-06","status":"Shipped","comments":null,"customerNumber":166}
{"_id":{"$oid":"5df2dee65f5bf8af92eaf50f"},"orderNumber":10218,"orderDate":"2004-02-09","requiredDate":"2004-02-16","shippedDate":"2004-02-11","status":"Shipped","comments":"Customer requested that ad materials (such as posters, pamphlets) be included in the shippment","customerNumber":473}
{"_id":{"$oid":"5df2dee65f5bf8af92eaf510"},"orderNumber":10219,"orderDate":"2004-02-10","requiredDate":"2004-02-17","shippedDate":"2004-02-12","status":"Shipped","comments":null,"customerNumber":487}
{"_id":{"$oid":"5df2dee65f5bf8af92eaf511"},"orderNumber":10220,"orderDate":"2004-02-12","requiredDate":"2004-02-19","shippedDate":"2004-02-16","status":"Shipped","comments":null,"customerNumber":189}
{"_id":{"$oid":"5df2dee65f5bf8af92eaf512"},"orderNumber":10221,"orderDate":"2004-02-18","requiredDate":"2004-02-26","shippedDate":"2004-02-19","status":"Shipped","comments":null,"customerNumber":314}
{"_id":{"$oid":"5df2dee65f5bf8af92eaf513"},"orderNumber":10222,"orderDate":"2004-02-19","requiredDate":"2004-02-27","shippedDate":"2004-02-20","status":"Shipped","comments":null,"customerNumber":239}
{"_id":{"$oid":"5df2dee65f5bf8af92eaf514"},"orderNumber":10223,"orderDate":"2004-02-20","requiredDate":"2004-02-29","shippedDate":"2004-02-24","status":"Shipped","comments":null,"customerNumber":114}
{"_id":{"$oid":"5df2dee65f5bf8af92eaf515"},"orderNumber":10224,"orderDate":"2004-02-21","requiredDate":"2004-03-02","shippedDate":"2004-02-26","status":"Shipped","comments":"Customer has worked with some of our vendors in the past and is aware of their MSRP","customerNumber":171}
{"_id":{"$oid":"5df2dee65f5bf8af92eaf516"},"orderNumber":10225,"orderDate":"2004-02-22","requiredDate":"2004-03-01","shippedDate":"2004-02-24","status":"Shipped","comments":null,"customerNumber":298}
{"_id":{"$oid":"5df2dee65f5bf8af92eaf517"},"orderNumber":10226,"orderDate":"2004-02-26","requiredDate":"2004-03-06","shippedDate":"2004-03-02","status":"Shipped","comments":null,"customerNumber":239}
{"_id":{"$oid":"5df2dee65f5bf8af92eaf518"},"orderNumber":10227,"orderDate":"2004-03-02","requiredDate":"2004-03-12","shippedDate":"2004-03-08","status":"Shipped","comments":null,"customerNumber":146}
{"_id":{"$oid":"5df2dee65f5bf8af92eaf519"},"orderNumber":10228,"orderDate":"2004-03-10","requiredDate":"2004-03-18","shippedDate":"2004-03-13","status":"Shipped","comments":null,"customerNumber":173}
{"_id":{"$oid":"5df2dee65f5bf8af92eaf51a"},"orderNumber":10210,"orderDate":"2004-01-12","requiredDate":"2004-01-22","shippedDate":"2004-01-20","status":"Shipped","comments":null,"customerNumber":177}
{"_id":{"$oid":"5df2dee65f5bf8af92eaf51b"},"orderNumber":10229,"orderDate":"2004-03-11","requiredDate":"2004-03-20","shippedDate":"2004-03-12","status":"Shipped","comments":null,"customerNumber":124}
{"_id":{"$oid":"5df2dee65f5bf8af92eaf51c"},"orderNumber":10230,"orderDate":"2004-03-15","requiredDate":"2004-03-24","shippedDate":"2004-03-20","status":"Shipped","comments":"Customer very concerned about the exact color of the models. There is high risk that he may dispute the order because there is a slight color mismatch","customerNumber":128}
{"_id":{"$oid":"5df2dee65f5bf8af92eaf51d"},"orderNumber":10231,"orderDate":"2004-03-19","requiredDate":"2004-03-26","shippedDate":"2004-03-25","status":"Shipped","comments":null,"customerNumber":344}
{"_id":{"$oid":"5df2dee65f5bf8af92eaf51e"},"orderNumber":10233,"orderDate":"2004-03-29","requiredDate":"2004-04-04","shippedDate":"2004-04-02","status":"Shipped","comments":"Customer requested special shippment. The instructions were passed along to the warehouse","customerNumber":328}
{"_id":{"$oid":"5df2dee65f5bf8af92eaf51f"},"orderNumber":10234,"orderDate":"2004-03-30","requiredDate":"2004-04-05","shippedDate":"2004-04-02","status":"Shipped","comments":null,"customerNumber":412}
{"_id":{"$oid":"5df2dee65f5bf8af92eaf520"},"orderNumber":10235,"orderDate":"2004-04-02","requiredDate":"2004-04-12","shippedDate":"2004-04-06","status":"Shipped","comments":null,"customerNumber":260}
{"_id":{"$oid":"5df2dee65f5bf8af92eaf521"},"orderNumber":10236,"orderDate":"2004-04-03","requiredDate":"2004-04-11","shippedDate":"2004-04-08","status":"Shipped","comments":null,"customerNumber":486}
{"_id":{"$oid":"5df2dee65f5bf8af92eaf522"},"orderNumber":10237,"orderDate":"2004-04-05","requiredDate":"2004-04-12","shippedDate":"2004-04-10","status":"Shipped","comments":null,"customerNumber":181}
{"_id":{"$oid":"5df2dee65f5bf8af92eaf523"},"orderNumber":10238,"orderDate":"2004-04-09","requiredDate":"2004-04-16","shippedDate":"2004-04-10","status":"Shipped","comments":null,"customerNumber":145}
{"_id":{"$oid":"5df2dee65f5bf8af92eaf524"},"orderNumber":10239,"orderDate":"2004-04-12","requiredDate":"2004-04-21","shippedDate":"2004-04-17","status":"Shipped","comments":null,"customerNumber":311}
{"_id":{"$oid":"5df2dee65f5bf8af92eaf525"},"orderNumber":10240,"orderDate":"2004-04-13","requiredDate":"2004-04-20","shippedDate":"2004-04-20","status":"Shipped","comments":null,"customerNumber":177}
{"_id":{"$oid":"5df2dee65f5bf8af92eaf526"},"orderNumber":10241,"orderDate":"2004-04-13","requiredDate":"2004-04-20","shippedDate":"2004-04-19","status":"Shipped","comments":null,"customerNumber":209}
{"_id":{"$oid":"5df2dee65f5bf8af92eaf527"},"orderNumber":10242,"orderDate":"2004-04-20","requiredDate":"2004-04-28","shippedDate":"2004-04-25","status":"Shipped","comments":"Customer is interested in buying more Ferrari models","customerNumber":456}
{"_id":{"$oid":"5df2dee65f5bf8af92eaf528"},"orderNumber":10243,"orderDate":"2004-04-26","requiredDate":"2004-05-03","shippedDate":"2004-04-28","status":"Shipped","comments":null,"customerNumber":495}
{"_id":{"$oid":"5df2dee65f5bf8af92eaf529"},"orderNumber":10244,"orderDate":"2004-04-29","requiredDate":"2004-05-09","shippedDate":"2004-05-04","status":"Shipped","comments":null,"customerNumber":141}
{"_id":{"$oid":"5df2dee65f5bf8af92eaf52a"},"orderNumber":10245,"orderDate":"2004-05-04","requiredDate":"2004-05-12","shippedDate":"2004-05-09","status":"Shipped","comments":null,"customerNumber":455}
{"_id":{"$oid":"5df2dee65f5bf8af92eaf52b"},"orderNumber":10246,"orderDate":"2004-05-05","requiredDate":"2004-05-13","shippedDate":"2004-05-06","status":"Shipped","comments":null,"customerNumber":141}
{"_id":{"$oid":"5df2dee65f5bf8af92eaf52c"},"orderNumber":10247,"orderDate":"2004-05-05","requiredDate":"2004-05-11","shippedDate":"2004-05-08","status":"Shipped","comments":null,"customerNumber":334}
{"_id":{"$oid":"5df2dee65f5bf8af92eaf52d"},"orderNumber":10248,"orderDate":"2004-05-07","requiredDate":"2004-05-14","shippedDate":null,"status":"Cancelled","comments":"Order was mistakenly placed. The warehouse noticed the lack of documentation.","customerNumber":131}
{"_id":{"$oid":"5df2dee65f5bf8af92eaf52e"},"orderNumber":10249,"orderDate":"2004-05-08","requiredDate":"2004-05-17","shippedDate":"2004-05-11","status":"Shipped","comments":"Can we deliver the new Ford Mustang models by end-of-quarter?","customerNumber":173}
{"_id":{"$oid":"5df2dee65f5bf8af92eaf52f"},"orderNumber":10250,"orderDate":"2004-05-11","requiredDate":"2004-05-19","shippedDate":"2004-05-15","status":"Shipped","comments":null,"customerNumber":450}
{"_id":{"$oid":"5df2dee65f5bf8af92eaf530"},"orderNumber":10232,"orderDate":"2004-03-20","requiredDate":"2004-03-30","shippedDate":"2004-03-25","status":"Shipped","comments":null,"customerNumber":240}
{"_id":{"$oid":"5df2dee65f5bf8af92eaf531"},"orderNumber":10251,"orderDate":"2004-05-18","requiredDate":"2004-05-24","shippedDate":"2004-05-24","status":"Shipped","comments":null,"customerNumber":328}
{"_id":{"$oid":"5df2dee65f5bf8af92eaf532"},"orderNumber":10252,"orderDate":"2004-05-26","requiredDate":"2004-06-04","shippedDate":"2004-05-29","status":"Shipped","comments":null,"customerNumber":406}
{"_id":{"$oid":"5df2dee65f5bf8af92eaf533"},"orderNumber":10253,"orderDate":"2004-06-01","requiredDate":"2004-06-09","shippedDate":"2004-06-02","status":"Cancelled","comments":"Customer disputed the order and we agreed to cancel it. We must be more cautions with this customer going forward, since they are very hard to please. We must cover the shipping fees.","customerNumber":201}
{"_id":{"$oid":"5df2dee65f5bf8af92eaf534"},"orderNumber":10255,"orderDate":"2004-06-04","requiredDate":"2004-06-12","shippedDate":"2004-06-09","status":"Shipped","comments":null,"customerNumber":209}
{"_id":{"$oid":"5df2dee65f5bf8af92eaf535"},"orderNumber":10256,"orderDate":"2004-06-08","requiredDate":"2004-06-16","shippedDate":"2004-06-10","status":"Shipped","comments":null,"customerNumber":145}
{"_id":{"$oid":"5df2dee65f5bf8af92eaf536"},"orderNumber":10257,"orderDate":"2004-06-14","requiredDate":"2004-06-24","shippedDate":"2004-06-15","status":"Shipped","comments":null,"customerNumber":450}
{"_id":{"$oid":"5df2dee65f5bf8af92eaf537"},"orderNumber":10258,"orderDate":"2004-06-15","requiredDate":"2004-06-25","shippedDate":"2004-06-23","status":"Shipped","comments":null,"customerNumber":398}
{"_id":{"$oid":"5df2dee65f5bf8af92eaf538"},"orderNumber":10259,"orderDate":"2004-06-15","requiredDate":"2004-06-22","shippedDate":"2004-06-17","status":"Shipped","comments":null,"customerNumber":166}
{"_id":{"$oid":"5df2dee65f5bf8af92eaf539"},"orderNumber":10260,"orderDate":"2004-06-16","requiredDate":"2004-06-22","shippedDate":null,"status":"Cancelled","comments":"Customer heard complaints from their customers and called to cancel this order. Will notify the Sales Manager.","customerNumber":357}
{"_id":{"$oid":"5df2dee65f5bf8af92eaf53a"},"orderNumber":10261,"orderDate":"2004-06-17","requiredDate":"2004-06-25","shippedDate":"2004-06-22","status":"Shipped","comments":null,"customerNumber":233}
{"_id":{"$oid":"5df2dee65f5bf8af92eaf53b"},"orderNumber":10262,"orderDate":"2004-06-24","requiredDate":"2004-07-01","shippedDate":null,"status":"Cancelled","comments":"This customer found a better offer from one of our competitors. Will call back to renegotiate.","customerNumber":141}
{"_id":{"$oid":"5df2dee65f5bf8af92eaf53c"},"orderNumber":10263,"orderDate":"2004-06-28","requiredDate":"2004-07-04","shippedDate":"2004-07-02","status":"Shipped","comments":null,"customerNumber":175}
{"_id":{"$oid":"5df2dee65f5bf8af92eaf53d"},"orderNumber":10264,"orderDate":"2004-06-30","requiredDate":"2004-07-06","shippedDate":"2004-07-01","status":"Shipped","comments":"Customer will send a truck to our local warehouse on 7/1/2004","customerNumber":362}
{"_id":{"$oid":"5df2dee65f5bf8af92eaf53e"},"orderNumber":10265,"orderDate":"2004-07-02","requiredDate":"2004-07-09","shippedDate":"2004-07-07","status":"Shipped","comments":null,"customerNumber":471}
{"_id":{"$oid":"5df2dee65f5bf8af92eaf53f"},"orderNumber":10266,"orderDate":"2004-07-06","requiredDate":"2004-07-14","shippedDate":"2004-07-10","status":"Shipped","comments":null,"customerNumber":386}
{"_id":{"$oid":"5df2dee65f5bf8af92eaf540"},"orderNumber":10267,"orderDate":"2004-07-07","requiredDate":"2004-07-17","shippedDate":"2004-07-09","status":"Shipped","comments":null,"customerNumber":151}
{"_id":{"$oid":"5df2dee65f5bf8af92eaf541"},"orderNumber":10268,"orderDate":"2004-07-12","requiredDate":"2004-07-18","shippedDate":"2004-07-14","status":"Shipped","comments":null,"customerNumber":412}
{"_id":{"$oid":"5df2dee65f5bf8af92eaf542"},"orderNumber":10269,"orderDate":"2004-07-16","requiredDate":"2004-07-22","shippedDate":"2004-07-18","status":"Shipped","comments":null,"customerNumber":382}
{"_id":{"$oid":"5df2dee65f5bf8af92eaf543"},"orderNumber":10270,"orderDate":"2004-07-19","requiredDate":"2004-07-27","shippedDate":"2004-07-24","status":"Shipped","comments":"Can we renegotiate this one?","customerNumber":282}
{"_id":{"$oid":"5df2dee65f5bf8af92eaf544"},"orderNumber":10271,"orderDate":"2004-07-20","requiredDate":"2004-07-29","shippedDate":"2004-07-23","status":"Shipped","comments":null,"customerNumber":124}
{"_id":{"$oid":"5df2dee65f5bf8af92eaf545"},"orderNumber":10272,"orderDate":"2004-07-20","requiredDate":"2004-07-26","shippedDate":"2004-07-22","status":"Shipped","comments":null,"customerNumber":157}
{"_id":{"$oid":"5df2dee65f5bf8af92eaf546"},"orderNumber":10254,"orderDate":"2004-06-03","requiredDate":"2004-06-13","shippedDate":"2004-06-04","status":"Shipped","comments":"Customer requested that DHL is used for this shipping","customerNumber":323}
{"_id":{"$oid":"5df2dee65f5bf8af92eaf547"},"orderNumber":10274,"orderDate":"2004-07-21","requiredDate":"2004-07-29","shippedDate":"2004-07-22","status":"Shipped","comments":null,"customerNumber":379}
{"_id":{"$oid":"5df2dee65f5bf8af92eaf548"},"orderNumber":10273,"orderDate":"2004-07-21","requiredDate":"2004-07-28","shippedDate":"2004-07-22","status":"Shipped","comments":null,"customerNumber":314}
{"_id":{"$oid":"5df2dee65f5bf8af92eaf549"},"orderNumber":10275,"orderDate":"2004-07-23","requiredDate":"2004-08-02","shippedDate":"2004-07-29","status":"Shipped","comments":null,"customerNumber":119}
{"_id":{"$oid":"5df2dee65f5bf8af92eaf54a"},"orderNumber":10277,"orderDate":"2004-08-04","requiredDate":"2004-08-12","shippedDate":"2004-08-05","status":"Shipped","comments":null,"customerNumber":148}
{"_id":{"$oid":"5df2dee65f5bf8af92eaf54b"},"orderNumber":10278,"orderDate":"2004-08-06","requiredDate":"2004-08-16","shippedDate":"2004-08-09","status":"Shipped","comments":null,"customerNumber":112}
{"_id":{"$oid":"5df2dee65f5bf8af92eaf54c"},"orderNumber":10279,"orderDate":"2004-08-09","requiredDate":"2004-08-19","shippedDate":"2004-08-15","status":"Shipped","comments":"Cautious optimism. We have happy customers here, if we can keep them well stocked.  I need all the information I can get on the planned shippments of Porches","customerNumber":141}
{"_id":{"$oid":"5df2dee65f5bf8af92eaf54d"},"orderNumber":10280,"orderDate":"2004-08-17","requiredDate":"2004-08-27","shippedDate":"2004-08-19","status":"Shipped","comments":null,"customerNumber":249}
{"_id":{"$oid":"5df2dee65f5bf8af92eaf54e"},"orderNumber":10281,"orderDate":"2004-08-19","requiredDate":"2004-08-28","shippedDate":"2004-08-23","status":"Shipped","comments":null,"customerNumber":157}
{"_id":{"$oid":"5df2dee65f5bf8af92eaf54f"},"orderNumber":10282,"orderDate":"2004-08-20","requiredDate":"2004-08-26","shippedDate":"2004-08-22","status":"Shipped","comments":null,"customerNumber":124}
{"_id":{"$oid":"5df2dee65f5bf8af92eaf550"},"orderNumber":10276,"orderDate":"2004-08-02","requiredDate":"2004-08-11","shippedDate":"2004-08-08","status":"Shipped","comments":null,"customerNumber":204}
{"_id":{"$oid":"5df2dee65f5bf8af92eaf551"},"orderNumber":10283,"orderDate":"2004-08-20","requiredDate":"2004-08-30","shippedDate":"2004-08-23","status":"Shipped","comments":null,"customerNumber":260}
{"_id":{"$oid":"5df2dee65f5bf8af92eaf552"},"orderNumber":10285,"orderDate":"2004-08-27","requiredDate":"2004-09-04","shippedDate":"2004-08-31","status":"Shipped","comments":null,"customerNumber":286}
{"_id":{"$oid":"5df2dee65f5bf8af92eaf553"},"orderNumber":10284,"orderDate":"2004-08-21","requiredDate":"2004-08-29","shippedDate":"2004-08-26","status":"Shipped","comments":"Custom shipping instructions sent to warehouse","customerNumber":299}
{"_id":{"$oid":"5df2dee65f5bf8af92eaf554"},"orderNumber":10286,"orderDate":"2004-08-28","requiredDate":"2004-09-06","shippedDate":"2004-09-01","status":"Shipped","comments":null,"customerNumber":172}
{"_id":{"$oid":"5df2dee65f5bf8af92eaf555"},"orderNumber":10288,"orderDate":"2004-09-01","requiredDate":"2004-09-11","shippedDate":"2004-09-05","status":"Shipped","comments":null,"customerNumber":166}
{"_id":{"$oid":"5df2dee65f5bf8af92eaf556"},"orderNumber":10287,"orderDate":"2004-08-30","requiredDate":"2004-09-06","shippedDate":"2004-09-01","status":"Shipped","comments":null,"customerNumber":298}
{"_id":{"$oid":"5df2dee65f5bf8af92eaf557"},"orderNumber":10289,"orderDate":"2004-09-03","requiredDate":"2004-09-13","shippedDate":"2004-09-04","status":"Shipped","comments":"We need to keep in close contact with their Marketing VP. He is the decision maker for all their purchases.","customerNumber":167}
{"_id":{"$oid":"5df2dee65f5bf8af92eaf558"},"orderNumber":10291,"orderDate":"2004-09-08","requiredDate":"2004-09-17","shippedDate":"2004-09-14","status":"Shipped","comments":null,"customerNumber":448}
{"_id":{"$oid":"5df2dee65f5bf8af92eaf559"},"orderNumber":10292,"orderDate":"2004-09-08","requiredDate":"2004-09-18","shippedDate":"2004-09-11","status":"Shipped","comments":"They want to reevaluate their terms agreement with Finance.","customerNumber":131}
{"_id":{"$oid":"5df2dee65f5bf8af92eaf55a"},"orderNumber":10293,"orderDate":"2004-09-09","requiredDate":"2004-09-18","shippedDate":"2004-09-14","status":"Shipped","comments":null,"customerNumber":249}
{"_id":{"$oid":"5df2dee65f5bf8af92eaf55b"},"orderNumber":10294,"orderDate":"2004-09-10","requiredDate":"2004-09-17","shippedDate":"2004-09-14","status":"Shipped","comments":null,"customerNumber":204}
{"_id":{"$oid":"5df2dee65f5bf8af92eaf55c"},"orderNumber":10295,"orderDate":"2004-09-10","requiredDate":"2004-09-17","shippedDate":"2004-09-14","status":"Shipped","comments":"They want to reevaluate their terms agreement with Finance.","customerNumber":362}
{"_id":{"$oid":"5df2dee65f5bf8af92eaf55d"},"orderNumber":10290,"orderDate":"2004-09-07","requiredDate":"2004-09-15","shippedDate":"2004-09-13","status":"Shipped","comments":null,"customerNumber":198}
{"_id":{"$oid":"5df2dee65f5bf8af92eaf55e"},"orderNumber":10297,"orderDate":"2004-09-16","requiredDate":"2004-09-22","shippedDate":"2004-09-21","status":"Shipped","comments":"We must be cautions with this customer. Their VP of Sales resigned. Company may be heading down.","customerNumber":189}
{"_id":{"$oid":"5df2dee65f5bf8af92eaf55f"},"orderNumber":10298,"orderDate":"2004-09-27","requiredDate":"2004-10-05","shippedDate":"2004-10-01","status":"Shipped","comments":null,"customerNumber":103}
{"_id":{"$oid":"5df2dee65f5bf8af92eaf560"},"orderNumber":10296,"orderDate":"2004-09-15","requiredDate":"2004-09-22","shippedDate":"2004-09-16","status":"Shipped","comments":null,"customerNumber":415}
{"_id":{"$oid":"5df2dee65f5bf8af92eaf561"},"orderNumber":10300,"orderDate":"2003-10-04","requiredDate":"2003-10-13","shippedDate":"2003-10-09","status":"Shipped","comments":null,"customerNumber":128}
{"_id":{"$oid":"5df2dee65f5bf8af92eaf562"},"orderNumber":10301,"orderDate":"2003-10-05","requiredDate":"2003-10-15","shippedDate":"2003-10-08","status":"Shipped","comments":null,"customerNumber":299}
{"_id":{"$oid":"5df2dee65f5bf8af92eaf563"},"orderNumber":10302,"orderDate":"2003-10-06","requiredDate":"2003-10-16","shippedDate":"2003-10-07","status":"Shipped","comments":null,"customerNumber":201}
{"_id":{"$oid":"5df2dee65f5bf8af92eaf564"},"orderNumber":10299,"orderDate":"2004-09-30","requiredDate":"2004-10-10","shippedDate":"2004-10-01","status":"Shipped","comments":null,"customerNumber":186}
{"_id":{"$oid":"5df2dee65f5bf8af92eaf565"},"orderNumber":10304,"orderDate":"2004-10-11","requiredDate":"2004-10-20","shippedDate":"2004-10-17","status":"Shipped","comments":null,"customerNumber":256}
{"_id":{"$oid":"5df2dee65f5bf8af92eaf566"},"orderNumber":10305,"orderDate":"2004-10-13","requiredDate":"2004-10-22","shippedDate":"2004-10-15","status":"Shipped","comments":"Check on availability.","customerNumber":286}
{"_id":{"$oid":"5df2dee65f5bf8af92eaf567"},"orderNumber":10306,"orderDate":"2004-10-14","requiredDate":"2004-10-21","shippedDate":"2004-10-17","status":"Shipped","comments":null,"customerNumber":187}
{"_id":{"$oid":"5df2dee65f5bf8af92eaf568"},"orderNumber":10307,"orderDate":"2004-10-14","requiredDate":"2004-10-23","shippedDate":"2004-10-20","status":"Shipped","comments":null,"customerNumber":339}
{"_id":{"$oid":"5df2dee65f5bf8af92eaf569"},"orderNumber":10303,"orderDate":"2004-10-06","requiredDate":"2004-10-14","shippedDate":"2004-10-09","status":"Shipped","comments":"Customer inquired about remote controlled models and gold models.","customerNumber":484}
{"_id":{"$oid":"5df2dee65f5bf8af92eaf56a"},"orderNumber":10309,"orderDate":"2004-10-15","requiredDate":"2004-10-24","shippedDate":"2004-10-18","status":"Shipped","comments":null,"customerNumber":121}
{"_id":{"$oid":"5df2dee65f5bf8af92eaf56b"},"orderNumber":10310,"orderDate":"2004-10-16","requiredDate":"2004-10-24","shippedDate":"2004-10-18","status":"Shipped","comments":null,"customerNumber":259}
{"_id":{"$oid":"5df2dee65f5bf8af92eaf56c"},"orderNumber":10311,"orderDate":"2004-10-16","requiredDate":"2004-10-23","shippedDate":"2004-10-20","status":"Shipped","comments":"Difficult to negotiate with customer. We need more marketing materials","customerNumber":141}
{"_id":{"$oid":"5df2dee65f5bf8af92eaf56d"},"orderNumber":10312,"orderDate":"2004-10-21","requiredDate":"2004-10-27","shippedDate":"2004-10-23","status":"Shipped","comments":null,"customerNumber":124}
{"_id":{"$oid":"5df2dee65f5bf8af92eaf56e"},"orderNumber":10313,"orderDate":"2004-10-22","requiredDate":"2004-10-28","shippedDate":"2004-10-25","status":"Shipped","comments":"Customer requested that FedEx Ground is used for this shipping","customerNumber":202}
{"_id":{"$oid":"5df2dee65f5bf8af92eaf56f"},"orderNumber":10314,"orderDate":"2004-10-22","requiredDate":"2004-11-01","shippedDate":"2004-10-23","status":"Shipped","comments":null,"customerNumber":227}
{"_id":{"$oid":"5df2dee65f5bf8af92eaf570"},"orderNumber":10315,"orderDate":"2004-10-29","requiredDate":"2004-11-08","shippedDate":"2004-10-30","status":"Shipped","comments":null,"customerNumber":119}
{"_id":{"$oid":"5df2dee65f5bf8af92eaf571"},"orderNumber":10316,"orderDate":"2004-11-01","requiredDate":"2004-11-09","shippedDate":"2004-11-07","status":"Shipped","comments":"Customer requested that ad materials (such as posters, pamphlets) be included in the shippment","customerNumber":240}
{"_id":{"$oid":"5df2dee65f5bf8af92eaf572"},"orderNumber":10308,"orderDate":"2004-10-15","requiredDate":"2004-10-24","shippedDate":"2004-10-20","status":"Shipped","comments":"Customer requested that FedEx Ground is used for this shipping","customerNumber":319}
{"_id":{"$oid":"5df2dee65f5bf8af92eaf573"},"orderNumber":10318,"orderDate":"2004-11-02","requiredDate":"2004-11-09","shippedDate":"2004-11-07","status":"Shipped","comments":null,"customerNumber":157}
{"_id":{"$oid":"5df2dee65f5bf8af92eaf574"},"orderNumber":10319,"orderDate":"2004-11-03","requiredDate":"2004-11-11","shippedDate":"2004-11-06","status":"Shipped","comments":"Customer requested that DHL is used for this shipping","customerNumber":456}
{"_id":{"$oid":"5df2dee65f5bf8af92eaf575"},"orderNumber":10320,"orderDate":"2004-11-03","requiredDate":"2004-11-13","shippedDate":"2004-11-07","status":"Shipped","comments":null,"customerNumber":144}
{"_id":{"$oid":"5df2dee65f5bf8af92eaf576"},"orderNumber":10321,"orderDate":"2004-11-04","requiredDate":"2004-11-12","shippedDate":"2004-11-07","status":"Shipped","comments":null,"customerNumber":462}
{"_id":{"$oid":"5df2dee65f5bf8af92eaf577"},"orderNumber":10322,"orderDate":"2004-11-04","requiredDate":"2004-11-12","shippedDate":"2004-11-10","status":"Shipped","comments":"Customer has worked with some of our vendors in the past and is aware of their MSRP","customerNumber":363}
{"_id":{"$oid":"5df2dee65f5bf8af92eaf578"},"orderNumber":10323,"orderDate":"2004-11-05","requiredDate":"2004-11-12","shippedDate":"2004-11-09","status":"Shipped","comments":null,"customerNumber":128}
{"_id":{"$oid":"5df2dee65f5bf8af92eaf579"},"orderNumber":10324,"orderDate":"2004-11-05","requiredDate":"2004-11-11","shippedDate":"2004-11-08","status":"Shipped","comments":null,"customerNumber":181}
{"_id":{"$oid":"5df2dee65f5bf8af92eaf57a"},"orderNumber":10325,"orderDate":"2004-11-05","requiredDate":"2004-11-13","shippedDate":"2004-11-08","status":"Shipped","comments":null,"customerNumber":121}
{"_id":{"$oid":"5df2dee65f5bf8af92eaf57b"},"orderNumber":10326,"orderDate":"2004-11-09","requiredDate":"2004-11-16","shippedDate":"2004-11-10","status":"Shipped","comments":null,"customerNumber":144}
{"_id":{"$oid":"5df2dee65f5bf8af92eaf57c"},"orderNumber":10327,"orderDate":"2004-11-10","requiredDate":"2004-11-19","shippedDate":"2004-11-13","status":"Resolved","comments":"Order was disputed and resolved on 12/1/04. The Sales Manager was involved. Customer claims the scales of the models don\\'t match what was discussed.","customerNumber":145}
{"_id":{"$oid":"5df2dee65f5bf8af92eaf57d"},"orderNumber":10328,"orderDate":"2004-11-12","requiredDate":"2004-11-21","shippedDate":"2004-11-18","status":"Shipped","comments":"Customer very concerned about the exact color of the models. There is high risk that he may dispute the order because there is a slight color mismatch","customerNumber":278}
{"_id":{"$oid":"5df2dee65f5bf8af92eaf57e"},"orderNumber":10329,"orderDate":"2004-11-15","requiredDate":"2004-11-24","shippedDate":"2004-11-16","status":"Shipped","comments":null,"customerNumber":131}
{"_id":{"$oid":"5df2dee65f5bf8af92eaf57f"},"orderNumber":10330,"orderDate":"2004-11-16","requiredDate":"2004-11-25","shippedDate":"2004-11-21","status":"Shipped","comments":null,"customerNumber":385}
{"_id":{"$oid":"5df2dee65f5bf8af92eaf580"},"orderNumber":10331,"orderDate":"2004-11-17","requiredDate":"2004-11-23","shippedDate":"2004-11-23","status":"Shipped","comments":"Customer requested special shippment. The instructions were passed along to the warehouse","customerNumber":486}
{"_id":{"$oid":"5df2dee65f5bf8af92eaf581"},"orderNumber":10332,"orderDate":"2004-11-17","requiredDate":"2004-11-25","shippedDate":"2004-11-18","status":"Shipped","comments":null,"customerNumber":187}
{"_id":{"$oid":"5df2dee65f5bf8af92eaf582"},"orderNumber":10333,"orderDate":"2004-11-18","requiredDate":"2004-11-27","shippedDate":"2004-11-20","status":"Shipped","comments":null,"customerNumber":129}
{"_id":{"$oid":"5df2dee65f5bf8af92eaf583"},"orderNumber":10334,"orderDate":"2004-11-19","requiredDate":"2004-11-28","shippedDate":null,"status":"On Hold","comments":"The outstaniding balance for this customer exceeds their credit limit. Order will be shipped when a payment is received.","customerNumber":144}
{"_id":{"$oid":"5df2dee65f5bf8af92eaf584"},"orderNumber":10335,"orderDate":"2004-11-19","requiredDate":"2004-11-29","shippedDate":"2004-11-23","status":"Shipped","comments":null,"customerNumber":124}
{"_id":{"$oid":"5df2dee65f5bf8af92eaf585"},"orderNumber":10317,"orderDate":"2004-11-02","requiredDate":"2004-11-12","shippedDate":"2004-11-08","status":"Shipped","comments":null,"customerNumber":161}
{"_id":{"$oid":"5df2dee65f5bf8af92eaf586"},"orderNumber":10336,"orderDate":"2004-11-20","requiredDate":"2004-11-26","shippedDate":"2004-11-24","status":"Shipped","comments":"Customer requested that DHL is used for this shipping","customerNumber":172}
{"_id":{"$oid":"5df2dee65f5bf8af92eaf587"},"orderNumber":10337,"orderDate":"2004-11-21","requiredDate":"2004-11-30","shippedDate":"2004-11-26","status":"Shipped","comments":null,"customerNumber":424}
{"_id":{"$oid":"5df2dee65f5bf8af92eaf588"},"orderNumber":10338,"orderDate":"2004-11-22","requiredDate":"2004-12-02","shippedDate":"2004-11-27","status":"Shipped","comments":null,"customerNumber":381}
{"_id":{"$oid":"5df2dee65f5bf8af92eaf589"},"orderNumber":10340,"orderDate":"2004-11-24","requiredDate":"2004-12-01","shippedDate":"2004-11-25","status":"Shipped","comments":"Customer is interested in buying more Ferrari models","customerNumber":216}
{"_id":{"$oid":"5df2dee65f5bf8af92eaf58a"},"orderNumber":10341,"orderDate":"2004-11-24","requiredDate":"2004-12-01","shippedDate":"2004-11-29","status":"Shipped","comments":null,"customerNumber":382}
{"_id":{"$oid":"5df2dee65f5bf8af92eaf58b"},"orderNumber":10342,"orderDate":"2004-11-24","requiredDate":"2004-12-01","shippedDate":"2004-11-29","status":"Shipped","comments":null,"customerNumber":114}
{"_id":{"$oid":"5df2dee65f5bf8af92eaf58c"},"orderNumber":10343,"orderDate":"2004-11-24","requiredDate":"2004-12-01","shippedDate":"2004-11-26","status":"Shipped","comments":null,"customerNumber":353}
{"_id":{"$oid":"5df2dee65f5bf8af92eaf58d"},"orderNumber":10344,"orderDate":"2004-11-25","requiredDate":"2004-12-02","shippedDate":"2004-11-29","status":"Shipped","comments":null,"customerNumber":350}
{"_id":{"$oid":"5df2dee65f5bf8af92eaf58e"},"orderNumber":10345,"orderDate":"2004-11-25","requiredDate":"2004-12-01","shippedDate":"2004-11-26","status":"Shipped","comments":null,"customerNumber":103}
{"_id":{"$oid":"5df2dee65f5bf8af92eaf58f"},"orderNumber":10346,"orderDate":"2004-11-29","requiredDate":"2004-12-05","shippedDate":"2004-11-30","status":"Shipped","comments":null,"customerNumber":112}
{"_id":{"$oid":"5df2dee65f5bf8af92eaf590"},"orderNumber":10347,"orderDate":"2004-11-29","requiredDate":"2004-12-07","shippedDate":"2004-11-30","status":"Shipped","comments":"Can we deliver the new Ford Mustang models by end-of-quarter?","customerNumber":114}
{"_id":{"$oid":"5df2dee65f5bf8af92eaf591"},"orderNumber":10348,"orderDate":"2004-11-01","requiredDate":"2004-11-08","shippedDate":"2004-11-05","status":"Shipped","comments":null,"customerNumber":458}
{"_id":{"$oid":"5df2dee65f5bf8af92eaf592"},"orderNumber":10349,"orderDate":"2004-12-01","requiredDate":"2004-12-07","shippedDate":"2004-12-03","status":"Shipped","comments":null,"customerNumber":151}
{"_id":{"$oid":"5df2dee65f5bf8af92eaf593"},"orderNumber":10350,"orderDate":"2004-12-02","requiredDate":"2004-12-08","shippedDate":"2004-12-05","status":"Shipped","comments":null,"customerNumber":141}
{"_id":{"$oid":"5df2dee65f5bf8af92eaf594"},"orderNumber":10351,"orderDate":"2004-12-03","requiredDate":"2004-12-11","shippedDate":"2004-12-07","status":"Shipped","comments":null,"customerNumber":324}
{"_id":{"$oid":"5df2dee65f5bf8af92eaf595"},"orderNumber":10352,"orderDate":"2004-12-03","requiredDate":"2004-12-12","shippedDate":"2004-12-09","status":"Shipped","comments":null,"customerNumber":198}
{"_id":{"$oid":"5df2dee65f5bf8af92eaf596"},"orderNumber":10353,"orderDate":"2004-12-04","requiredDate":"2004-12-11","shippedDate":"2004-12-05","status":"Shipped","comments":null,"customerNumber":447}
{"_id":{"$oid":"5df2dee65f5bf8af92eaf597"},"orderNumber":10354,"orderDate":"2004-12-04","requiredDate":"2004-12-10","shippedDate":"2004-12-05","status":"Shipped","comments":null,"customerNumber":323}
{"_id":{"$oid":"5df2dee65f5bf8af92eaf598"},"orderNumber":10355,"orderDate":"2004-12-07","requiredDate":"2004-12-14","shippedDate":"2004-12-13","status":"Shipped","comments":null,"customerNumber":141}
{"_id":{"$oid":"5df2dee65f5bf8af92eaf599"},"orderNumber":10356,"orderDate":"2004-12-09","requiredDate":"2004-12-15","shippedDate":"2004-12-12","status":"Shipped","comments":null,"customerNumber":250}
{"_id":{"$oid":"5df2dee65f5bf8af92eaf59a"},"orderNumber":10357,"orderDate":"2004-12-10","requiredDate":"2004-12-16","shippedDate":"2004-12-14","status":"Shipped","comments":null,"customerNumber":124}
{"_id":{"$oid":"5df2dee65f5bf8af92eaf59b"},"orderNumber":10339,"orderDate":"2004-11-23","requiredDate":"2004-11-30","shippedDate":"2004-11-30","status":"Shipped","comments":null,"customerNumber":398}
{"_id":{"$oid":"5df2dee65f5bf8af92eaf59c"},"orderNumber":10358,"orderDate":"2004-12-10","requiredDate":"2004-12-16","shippedDate":"2004-12-16","status":"Shipped","comments":"Customer requested that DHL is used for this shipping","customerNumber":141}
{"_id":{"$oid":"5df2dee65f5bf8af92eaf59d"},"orderNumber":10359,"orderDate":"2004-12-15","requiredDate":"2004-12-23","shippedDate":"2004-12-18","status":"Shipped","comments":null,"customerNumber":353}
{"_id":{"$oid":"5df2dee65f5bf8af92eaf59e"},"orderNumber":10360,"orderDate":"2004-12-16","requiredDate":"2004-12-22","shippedDate":"2004-12-18","status":"Shipped","comments":null,"customerNumber":496}
{"_id":{"$oid":"5df2dee65f5bf8af92eaf59f"},"orderNumber":10362,"orderDate":"2005-01-05","requiredDate":"2005-01-16","shippedDate":"2005-01-10","status":"Shipped","comments":null,"customerNumber":161}
{"_id":{"$oid":"5df2dee65f5bf8af92eaf5a0"},"orderNumber":10363,"orderDate":"2005-01-06","requiredDate":"2005-01-12","shippedDate":"2005-01-10","status":"Shipped","comments":null,"customerNumber":334}
{"_id":{"$oid":"5df2dee65f5bf8af92eaf5a1"},"orderNumber":10364,"orderDate":"2005-01-06","requiredDate":"2005-01-17","shippedDate":"2005-01-09","status":"Shipped","comments":null,"customerNumber":350}
{"_id":{"$oid":"5df2dee65f5bf8af92eaf5a2"},"orderNumber":10365,"orderDate":"2005-01-07","requiredDate":"2005-01-18","shippedDate":"2005-01-11","status":"Shipped","comments":null,"customerNumber":320}
{"_id":{"$oid":"5df2dee65f5bf8af92eaf5a3"},"orderNumber":10366,"orderDate":"2005-01-10","requiredDate":"2005-01-19","shippedDate":"2005-01-12","status":"Shipped","comments":null,"customerNumber":381}
{"_id":{"$oid":"5df2dee65f5bf8af92eaf5a4"},"orderNumber":10367,"orderDate":"2005-01-12","requiredDate":"2005-01-21","shippedDate":"2005-01-16","status":"Resolved","comments":"This order was disputed and resolved on 2/1/2005. Customer claimed that container with shipment was damaged. FedEx\\'s investigation proved this wrong.","customerNumber":205}
{"_id":{"$oid":"5df2dee65f5bf8af92eaf5a5"},"orderNumber":10368,"orderDate":"2005-01-19","requiredDate":"2005-01-27","shippedDate":"2005-01-24","status":"Shipped","comments":"Can we renegotiate this one?","customerNumber":124}
{"_id":{"$oid":"5df2dee65f5bf8af92eaf5a6"},"orderNumber":10369,"orderDate":"2005-01-20","requiredDate":"2005-01-28","shippedDate":"2005-01-24","status":"Shipped","comments":null,"customerNumber":379}
{"_id":{"$oid":"5df2dee65f5bf8af92eaf5a7"},"orderNumber":10370,"orderDate":"2005-01-20","requiredDate":"2005-02-01","shippedDate":"2005-01-25","status":"Shipped","comments":null,"customerNumber":276}
{"_id":{"$oid":"5df2dee65f5bf8af92eaf5a8"},"orderNumber":10371,"orderDate":"2005-01-23","requiredDate":"2005-02-03","shippedDate":"2005-01-25","status":"Shipped","comments":null,"customerNumber":124}
{"_id":{"$oid":"5df2dee65f5bf8af92eaf5a9"},"orderNumber":10372,"orderDate":"2005-01-26","requiredDate":"2005-02-05","shippedDate":"2005-01-28","status":"Shipped","comments":null,"customerNumber":398}
{"_id":{"$oid":"5df2dee65f5bf8af92eaf5aa"},"orderNumber":10373,"orderDate":"2005-01-31","requiredDate":"2005-02-08","shippedDate":"2005-02-06","status":"Shipped","comments":null,"customerNumber":311}
{"_id":{"$oid":"5df2dee65f5bf8af92eaf5ab"},"orderNumber":10374,"orderDate":"2005-02-02","requiredDate":"2005-02-09","shippedDate":"2005-02-03","status":"Shipped","comments":null,"customerNumber":333}
{"_id":{"$oid":"5df2dee65f5bf8af92eaf5ac"},"orderNumber":10375,"orderDate":"2005-02-03","requiredDate":"2005-02-10","shippedDate":"2005-02-06","status":"Shipped","comments":null,"customerNumber":119}
{"_id":{"$oid":"5df2dee65f5bf8af92eaf5ad"},"orderNumber":10376,"orderDate":"2005-02-08","requiredDate":"2005-02-18","shippedDate":"2005-02-13","status":"Shipped","comments":null,"customerNumber":219}
{"_id":{"$oid":"5df2dee65f5bf8af92eaf5ae"},"orderNumber":10377,"orderDate":"2005-02-09","requiredDate":"2005-02-21","shippedDate":"2005-02-12","status":"Shipped","comments":"Cautious optimism. We have happy customers here, if we can keep them well stocked.  I need all the information I can get on the planned shippments of Porches","customerNumber":186}
{"_id":{"$oid":"5df2dee65f5bf8af92eaf5af"},"orderNumber":10361,"orderDate":"2004-12-17","requiredDate":"2004-12-24","shippedDate":"2004-12-20","status":"Shipped","comments":null,"customerNumber":282}
{"_id":{"$oid":"5df2dee65f5bf8af92eaf5b0"},"orderNumber":10378,"orderDate":"2005-02-10","requiredDate":"2005-02-18","shippedDate":"2005-02-11","status":"Shipped","comments":null,"customerNumber":141}
{"_id":{"$oid":"5df2dee65f5bf8af92eaf5b1"},"orderNumber":10379,"orderDate":"2005-02-10","requiredDate":"2005-02-18","shippedDate":"2005-02-11","status":"Shipped","comments":null,"customerNumber":141}
{"_id":{"$oid":"5df2dee65f5bf8af92eaf5b2"},"orderNumber":10380,"orderDate":"2005-02-16","requiredDate":"2005-02-24","shippedDate":"2005-02-18","status":"Shipped","comments":null,"customerNumber":141}
{"_id":{"$oid":"5df2dee65f5bf8af92eaf5b3"},"orderNumber":10381,"orderDate":"2005-02-17","requiredDate":"2005-02-25","shippedDate":"2005-02-18","status":"Shipped","comments":null,"customerNumber":321}
{"_id":{"$oid":"5df2dee65f5bf8af92eaf5b4"},"orderNumber":10382,"orderDate":"2005-02-17","requiredDate":"2005-02-23","shippedDate":"2005-02-18","status":"Shipped","comments":"Custom shipping instructions sent to warehouse","customerNumber":124}
{"_id":{"$oid":"5df2dee65f5bf8af92eaf5b5"},"orderNumber":10383,"orderDate":"2005-02-22","requiredDate":"2005-03-02","shippedDate":"2005-02-25","status":"Shipped","comments":null,"customerNumber":141}
{"_id":{"$oid":"5df2dee65f5bf8af92eaf5b6"},"orderNumber":10384,"orderDate":"2005-02-23","requiredDate":"2005-03-06","shippedDate":"2005-02-27","status":"Shipped","comments":null,"customerNumber":321}
{"_id":{"$oid":"5df2dee65f5bf8af92eaf5b7"},"orderNumber":10385,"orderDate":"2005-02-28","requiredDate":"2005-03-09","shippedDate":"2005-03-01","status":"Shipped","comments":null,"customerNumber":124}
{"_id":{"$oid":"5df2dee65f5bf8af92eaf5b8"},"orderNumber":10386,"orderDate":"2005-03-01","requiredDate":"2005-03-09","shippedDate":"2005-03-06","status":"Resolved","comments":"Disputed then Resolved on 3/15/2005. Customer doesn\\'t like the craftsmaship of the models.","customerNumber":141}
{"_id":{"$oid":"5df2dee65f5bf8af92eaf5b9"},"orderNumber":10388,"orderDate":"2005-03-03","requiredDate":"2005-03-11","shippedDate":"2005-03-09","status":"Shipped","comments":null,"customerNumber":462}
{"_id":{"$oid":"5df2dee65f5bf8af92eaf5ba"},"orderNumber":10389,"orderDate":"2005-03-03","requiredDate":"2005-03-09","shippedDate":"2005-03-08","status":"Shipped","comments":null,"customerNumber":448}
{"_id":{"$oid":"5df2dee65f5bf8af92eaf5bb"},"orderNumber":10387,"orderDate":"2005-03-02","requiredDate":"2005-03-09","shippedDate":"2005-03-06","status":"Shipped","comments":"We need to keep in close contact with their Marketing VP. He is the decision maker for all their purchases.","customerNumber":148}
{"_id":{"$oid":"5df2dee65f5bf8af92eaf5bc"},"orderNumber":10391,"orderDate":"2005-03-09","requiredDate":"2005-03-20","shippedDate":"2005-03-15","status":"Shipped","comments":null,"customerNumber":276}
{"_id":{"$oid":"5df2dee65f5bf8af92eaf5bd"},"orderNumber":10390,"orderDate":"2005-03-04","requiredDate":"2005-03-11","shippedDate":"2005-03-07","status":"Shipped","comments":"They want to reevaluate their terms agreement with Finance.","customerNumber":124}
{"_id":{"$oid":"5df2dee65f5bf8af92eaf5be"},"orderNumber":10393,"orderDate":"2005-03-11","requiredDate":"2005-03-22","shippedDate":"2005-03-14","status":"Shipped","comments":"They want to reevaluate their terms agreement with Finance.","customerNumber":323}
{"_id":{"$oid":"5df2dee65f5bf8af92eaf5bf"},"orderNumber":10394,"orderDate":"2005-03-15","requiredDate":"2005-03-25","shippedDate":"2005-03-19","status":"Shipped","comments":null,"customerNumber":141}
{"_id":{"$oid":"5df2dee65f5bf8af92eaf5c0"},"orderNumber":10395,"orderDate":"2005-03-17","requiredDate":"2005-03-24","shippedDate":"2005-03-23","status":"Shipped","comments":"We must be cautions with this customer. Their VP of Sales resigned. Company may be heading down.","customerNumber":250}
{"_id":{"$oid":"5df2dee65f5bf8af92eaf5c1"},"orderNumber":10396,"orderDate":"2005-03-23","requiredDate":"2005-04-02","shippedDate":"2005-03-28","status":"Shipped","comments":null,"customerNumber":124}
{"_id":{"$oid":"5df2dee65f5bf8af92eaf5c2"},"orderNumber":10392,"orderDate":"2005-03-10","requiredDate":"2005-03-18","shippedDate":"2005-03-12","status":"Shipped","comments":null,"customerNumber":452}
{"_id":{"$oid":"5df2dee65f5bf8af92eaf5c3"},"orderNumber":10397,"orderDate":"2005-03-28","requiredDate":"2005-04-09","shippedDate":"2005-04-01","status":"Shipped","comments":null,"customerNumber":242}
{"_id":{"$oid":"5df2dee65f5bf8af92eaf5c4"},"orderNumber":10398,"orderDate":"2005-03-30","requiredDate":"2005-04-09","shippedDate":"2005-03-31","status":"Shipped","comments":null,"customerNumber":353}
{"_id":{"$oid":"5df2dee65f5bf8af92eaf5c5"},"orderNumber":10399,"orderDate":"2005-04-01","requiredDate":"2005-04-12","shippedDate":"2005-04-03","status":"Shipped","comments":null,"customerNumber":496}
{"_id":{"$oid":"5df2dee65f5bf8af92eaf5c6"},"orderNumber":10400,"orderDate":"2005-04-01","requiredDate":"2005-04-11","shippedDate":"2005-04-04","status":"Shipped","comments":"Customer requested that DHL is used for this shipping","customerNumber":450}
{"_id":{"$oid":"5df2dee65f5bf8af92eaf5c7"},"orderNumber":10401,"orderDate":"2005-04-03","requiredDate":"2005-04-14","shippedDate":null,"status":"On Hold","comments":"Customer credit limit exceeded. Will ship when a payment is received.","customerNumber":328}
{"_id":{"$oid":"5df2dee65f5bf8af92eaf5c8"},"orderNumber":10403,"orderDate":"2005-04-08","requiredDate":"2005-04-18","shippedDate":"2005-04-11","status":"Shipped","comments":null,"customerNumber":201}
{"_id":{"$oid":"5df2dee65f5bf8af92eaf5c9"},"orderNumber":10404,"orderDate":"2005-04-08","requiredDate":"2005-04-14","shippedDate":"2005-04-11","status":"Shipped","comments":null,"customerNumber":323}
{"_id":{"$oid":"5df2dee65f5bf8af92eaf5ca"},"orderNumber":10405,"orderDate":"2005-04-14","requiredDate":"2005-04-24","shippedDate":"2005-04-20","status":"Shipped","comments":null,"customerNumber":209}
{"_id":{"$oid":"5df2dee65f5bf8af92eaf5cb"},"orderNumber":10406,"orderDate":"2005-04-15","requiredDate":"2005-04-25","shippedDate":"2005-04-21","status":"Disputed","comments":"Customer claims container with shipment was damaged during shipping and some items were missing. I am talking to FedEx about this.","customerNumber":145}
{"_id":{"$oid":"5df2dee65f5bf8af92eaf5cc"},"orderNumber":10407,"orderDate":"2005-04-22","requiredDate":"2005-05-04","shippedDate":null,"status":"On Hold","comments":"Customer credit limit exceeded. Will ship when a payment is received.","customerNumber":450}
{"_id":{"$oid":"5df2dee65f5bf8af92eaf5cd"},"orderNumber":10408,"orderDate":"2005-04-22","requiredDate":"2005-04-29","shippedDate":"2005-04-27","status":"Shipped","comments":null,"customerNumber":398}
{"_id":{"$oid":"5df2dee65f5bf8af92eaf5ce"},"orderNumber":10409,"orderDate":"2005-04-23","requiredDate":"2005-05-05","shippedDate":"2005-04-24","status":"Shipped","comments":null,"customerNumber":166}
{"_id":{"$oid":"5df2dee65f5bf8af92eaf5cf"},"orderNumber":10402,"orderDate":"2005-04-07","requiredDate":"2005-04-14","shippedDate":"2005-04-12","status":"Shipped","comments":null,"customerNumber":406}
{"_id":{"$oid":"5df2dee65f5bf8af92eaf5d0"},"orderNumber":10411,"orderDate":"2005-05-01","requiredDate":"2005-05-08","shippedDate":"2005-05-06","status":"Shipped","comments":null,"customerNumber":233}
{"_id":{"$oid":"5df2dee65f5bf8af92eaf5d1"},"orderNumber":10412,"orderDate":"2005-05-03","requiredDate":"2005-05-13","shippedDate":"2005-05-05","status":"Shipped","comments":null,"customerNumber":141}
{"_id":{"$oid":"5df2dee65f5bf8af92eaf5d2"},"orderNumber":10413,"orderDate":"2005-05-05","requiredDate":"2005-05-14","shippedDate":"2005-05-09","status":"Shipped","comments":"Customer requested that DHL is used for this shipping","customerNumber":175}
{"_id":{"$oid":"5df2dee65f5bf8af92eaf5d3"},"orderNumber":10410,"orderDate":"2005-04-29","requiredDate":"2005-05-10","shippedDate":"2005-04-30","status":"Shipped","comments":null,"customerNumber":357}
{"_id":{"$oid":"5df2dee65f5bf8af92eaf5d4"},"orderNumber":10415,"orderDate":"2005-05-09","requiredDate":"2005-05-20","shippedDate":"2005-05-12","status":"Disputed","comments":"Customer claims the scales of the models don\\'t match what was discussed. I keep all the paperwork though to prove otherwise","customerNumber":471}
{"_id":{"$oid":"5df2dee65f5bf8af92eaf5d5"},"orderNumber":10416,"orderDate":"2005-05-10","requiredDate":"2005-05-16","shippedDate":"2005-05-14","status":"Shipped","comments":null,"customerNumber":386}
{"_id":{"$oid":"5df2dee65f5bf8af92eaf5d6"},"orderNumber":10417,"orderDate":"2005-05-13","requiredDate":"2005-05-19","shippedDate":"2005-05-19","status":"Disputed","comments":"Customer doesn\\'t like the colors and precision of the models.","customerNumber":141}
{"_id":{"$oid":"5df2dee65f5bf8af92eaf5d7"},"orderNumber":10418,"orderDate":"2005-05-16","requiredDate":"2005-05-24","shippedDate":"2005-05-20","status":"Shipped","comments":null,"customerNumber":412}
{"_id":{"$oid":"5df2dee65f5bf8af92eaf5d8"},"orderNumber":10419,"orderDate":"2005-05-17","requiredDate":"2005-05-28","shippedDate":"2005-05-19","status":"Shipped","comments":null,"customerNumber":382}
{"_id":{"$oid":"5df2dee65f5bf8af92eaf5d9"},"orderNumber":10420,"orderDate":"2005-05-29","requiredDate":"2005-06-07","shippedDate":null,"status":"In Process","comments":null,"customerNumber":282}
{"_id":{"$oid":"5df2dee65f5bf8af92eaf5da"},"orderNumber":10421,"orderDate":"2005-05-29","requiredDate":"2005-06-06","shippedDate":null,"status":"In Process","comments":"Custom shipping instructions were sent to warehouse","customerNumber":124}
{"_id":{"$oid":"5df2dee65f5bf8af92eaf5db"},"orderNumber":10422,"orderDate":"2005-05-30","requiredDate":"2005-06-11","shippedDate":null,"status":"In Process","comments":null,"customerNumber":157}
{"_id":{"$oid":"5df2dee65f5bf8af92eaf5dc"},"orderNumber":10423,"orderDate":"2005-05-30","requiredDate":"2005-06-05","shippedDate":null,"status":"In Process","comments":null,"customerNumber":314}
{"_id":{"$oid":"5df2dee65f5bf8af92eaf5dd"},"orderNumber":10414,"orderDate":"2005-05-06","requiredDate":"2005-05-13","shippedDate":null,"status":"On Hold","comments":"Customer credit limit exceeded. Will ship when a payment is received.","customerNumber":362}
{"_id":{"$oid":"5df2dee65f5bf8af92eaf5de"},"orderNumber":10425,"orderDate":"2005-05-31","requiredDate":"2005-06-07","shippedDate":null,"status":"In Process","comments":null,"customerNumber":119}
{"_id":{"$oid":"5df2dee65f5bf8af92eaf5df"},"orderNumber":10424,"orderDate":"2005-05-31","requiredDate":"2005-06-08","shippedDate":null,"status":"In Process","comments":null,"customerNumber":141}
